,Unnamed: 0,id,url,permalink,author,created_utc,subreddit,subreddit_id,num_comments,score,over_18,distinguished,domain,stickied,locked,hide_score,counts
290534,191390,7kpe5,https://www.reddit.com/r/AskReddit/comments/7kpe5/i_am_constantly_wondering_what_everyone_on_here/,/r/AskReddit/comments/7kpe5/i_am_constantly_wondering_what_everyone_on_here/,[deleted],1229752197,AskReddit,t5_2qh1i,3467,515,False,,self.AskReddit,False,False,False,3062
574617,111467,6nz1k,http://hundredpushups.com,/r/science/comments/6nz1k/got_six_weeks_try_the_hundred_push_ups_training/,zekel,1213826517,science,t5_mouw,33329,1621,False,,hundredpushups.com,False,False,False,2897
57505,135995,675oj,https://www.reddit.com/r/reddit.com/comments/675oj/post_the_funniest_joke_you_know_upmod_the_best_one/,/r/reddit.com/comments/675oj/post_the_funniest_joke_you_know_upmod_the_best_one/,matiasklein,1201730171,reddit.com,t5_6,2039,1098,False,,self.reddit.com,False,False,False,2076
942221,191265,78n1v,"http://www.time.com/time/nation/article/0,8599,1822455,00.html",/r/WTF/comments/78n1v/a_black_community_in_oh_goes_50_years_without/,indorock,1224677051,WTF,t5_2qh61,3657,1496,False,,time.com,False,False,False,2042
133696,36220,7beo2,https://www.reddit.com/r/politics/comments/7beo2/obama_wins_the_presidency/,/r/politics/comments/7beo2/obama_wins_the_presidency/,willjohnston,1225857637,politics,t5_2cneq,1934,8538,False,,self.politics,False,False,False,2002
488720,73206,6jbc0,https://www.reddit.com/r/reddit.com/comments/6jbc0/voice_a_true_yet_unpopular_fact_in_the_comments/,/r/reddit.com/comments/6jbc0/voice_a_true_yet_unpopular_fact_in_the_comments/,[deleted],1210747619,reddit.com,t5_6,1808,274,False,,self.reddit.com,False,False,False,1939
764729,197408,6yn6t,http://www.cnbc.com/id/26454655?,/r/politics/comments/6yn6t/its_official_sarah_palin_is_mccains_vp_pick/,[deleted],1220020890,politics,t5_2cneq,1668,1073,False,,cnbc.com,False,False,False,1837
721214,84267,6w7e6,https://www.reddit.com/r/reddit.com/comments/6w7e6/just_out_of_curiosity_do_you_have_an_opinion_that/,/r/reddit.com/comments/6w7e6/just_out_of_curiosity_do_you_have_an_opinion_that/,[deleted],1218660724,reddit.com,t5_6,1724,258,False,,self.reddit.com,False,False,False,1826
136018,41921,7bj3f,"http://www.latimes.com/news/local/la-me-gaymarriage5-2008nov05,0,1545381.story",/r/reddit.com/comments/7bj3f/who_else_disgusted_with_california_this_morning/,[deleted],1225899136,reddit.com,t5_6,1605,5992,False,,latimes.com,False,False,False,1731
772368,4466,6z2e2,http://www.nytimes.com/reuters/us/international-usa-politics-palin.html?_r=1&amp;oref=slogin,/r/reddit.com/comments/6z2e2/palin_says_her_daughter_17_is_pregnant/,nucleophile,1220285161,reddit.com,t5_6,1425,1517,False,,nytimes.com,False,False,False,1558
